<?xml version='1.0' encoding='UTF-8'?>
<odoo>
  <record id="studio_customization.calculo_de_intereses_5ecbcedd-c34a-455b-ad8d-720624d81797" model="ir.actions.server" context="{'studio': True}">
    <field name="binding_model_id" ref="studio_customization.creditos_55e90f75-5151-4ead-94ff-2c150b8283d7"/>
    <field name="binding_type">action</field>
    <field name="child_ids" eval="[(6, 0, [])]"/>
    <field name="code"><![CDATA[# Available variables:
#  - env: Odoo Environment on which the action is triggered
#  - model: Odoo Model of the record on which the action is triggered; is a void recordset
#  - record: record on which the action is triggered; may be be void
#  - records: recordset of all records on which the action is triggered in multi-mode; may be void
#  - time, datetime, dateutil, timezone: useful Python libraries
#  - log: log(message, level='info'): logging function to record debug information in ir.logging table
#  - Warning: Warning Exception to use with raise
# To return an action, assign: action = {...}



]]></field>
    <field name="crud_model_id" eval="False"/>
    <field name="help" eval="False"/>
    <field name="link_field_id" eval="False"/>
    <field name="model_id" ref="studio_customization.creditos_55e90f75-5151-4ead-94ff-2c150b8283d7"/>
    <field name="name">Calculo de Intereses</field>
    <field name="sequence">5</field>
    <field name="state">code</field>
  </record>
  <record id="studio_customization.alertas_de_pago_1_7__b9d1e1da-61de-44b8-a9ea-eaf79c15d725" model="ir.actions.server" context="{'studio': True}">
    <field name="binding_model_id" eval="False"/>
    <field name="binding_type">action</field>
    <field name="child_ids" eval="[(6, 0, [])]"/>
    <field name="code"><![CDATA[# Available variables:
#  - env: Odoo Environment on which the action is triggered
#  - model: Odoo Model of the record on which the action is triggered; is a void recordset
#  - record: record on which the action is triggered; may be be void
#  - records: recordset of all records on which the action is triggered in multi-mode; may be void
#  - time, datetime, dateutil, timezone: useful Python libraries
#  - log: log(message, level='info'): logging function to record debug information in ir.logging table
#  - Warning: Warning Exception to use with raise
# To return an action, assign: action = {...}



]]></field>
    <field name="crud_model_id" eval="False"/>
    <field name="help" eval="False"/>
    <field name="link_field_id" eval="False"/>
    <field name="model_id" ref="studio_customization.creditos_55e90f75-5151-4ead-94ff-2c150b8283d7"/>
    <field name="name">Alertas de Pago 1 (7 dias)</field>
    <field name="sequence">5</field>
    <field name="state">email</field>
  </record>
  <record id="studio_customization.alerta_de_pago_2_db4bb087-3dea-4018-8418-92b6e3c40636" model="ir.actions.server" context="{'studio': True}">
    <field name="binding_model_id" eval="False"/>
    <field name="binding_type">action</field>
    <field name="child_ids" eval="[(6, 0, [])]"/>
    <field name="code"><![CDATA[# Available variables:
#  - env: Odoo Environment on which the action is triggered
#  - model: Odoo Model of the record on which the action is triggered; is a void recordset
#  - record: record on which the action is triggered; may be be void
#  - records: recordset of all records on which the action is triggered in multi-mode; may be void
#  - time, datetime, dateutil, timezone: useful Python libraries
#  - log: log(message, level='info'): logging function to record debug information in ir.logging table
#  - Warning: Warning Exception to use with raise
# To return an action, assign: action = {...}



]]></field>
    <field name="crud_model_id" eval="False"/>
    <field name="help" eval="False"/>
    <field name="link_field_id" eval="False"/>
    <field name="model_id" ref="studio_customization.creditos_55e90f75-5151-4ead-94ff-2c150b8283d7"/>
    <field name="name">Alerta de Pago 2</field>
    <field name="sequence">5</field>
    <field name="state">email</field>
  </record>
  <record id="studio_customization.fin_de_credito_dc6eab98-c0c4-446c-8c47-879c5a283f7e" model="ir.actions.server" context="{'studio': True}">
    <field name="binding_model_id" eval="False"/>
    <field name="binding_type">action</field>
    <field name="child_ids" eval="[(6, 0, [])]"/>
    <field name="code"><![CDATA[# Available variables:
#  - env: Odoo Environment on which the action is triggered
#  - model: Odoo Model of the record on which the action is triggered; is a void recordset
#  - record: record on which the action is triggered; may be be void
#  - records: recordset of all records on which the action is triggered in multi-mode; may be void
#  - time, datetime, dateutil, timezone: useful Python libraries
#  - log: log(message, level='info'): logging function to record debug information in ir.logging table
#  - Warning: Warning Exception to use with raise
# To return an action, assign: action = {...}



]]></field>
    <field name="crud_model_id" eval="False"/>
    <field name="help" eval="False"/>
    <field name="link_field_id" eval="False"/>
    <field name="model_id" ref="studio_customization.creditos_55e90f75-5151-4ead-94ff-2c150b8283d7"/>
    <field name="name">Fin de credito</field>
    <field name="sequence">5</field>
    <field name="state">next_activity</field>
  </record>
  <record id="studio_customization.emitir_factura_f749a607-5e17-4538-bc15-e3a37215fc95" model="ir.actions.server" context="{'studio': True}">
    <field name="binding_model_id" eval="False"/>
    <field name="binding_type">action</field>
    <field name="child_ids" eval="[(6, 0, [])]"/>
    <field name="code"><![CDATA[# Available variables:
#  - env: Odoo Environment on which the action is triggered
#  - model: Odoo Model of the record on which the action is triggered; is a void recordset
#  - record: record on which the action is triggered; may be be void
#  - records: recordset of all records on which the action is triggered in multi-mode; may be void
#  - time, datetime, dateutil, timezone: useful Python libraries
#  - log: log(message, level='info'): logging function to record debug information in ir.logging table
#  - Warning: Warning Exception to use with raise
# To return an action, assign: action = {...}



]]></field>
    <field name="crud_model_id" ref="account.model_account_invoice_line"/>
    <field name="help" eval="False"/>
    <field name="link_field_id" eval="False"/>
    <field name="model_id" ref="studio_customization.creditos_55e90f75-5151-4ead-94ff-2c150b8283d7"/>
    <field name="name">Emitir Factura</field>
    <field name="sequence">5</field>
    <field name="state">object_create</field>
  </record>
  <record id="studio_customization.calculo_cuota_b1563206-b50d-4530-8ee9-0bf1edbf9f9f" model="ir.actions.server" context="{'studio': True}">
    <field name="binding_model_id" eval="False"/>
    <field name="binding_type">action</field>
    <field name="child_ids" eval="[(6, 0, [])]"/>
    <field name="code"><![CDATA[# Available variables:
#  - env: Odoo Environment on which the action is triggered
#  - model: Odoo Model of the record on which the action is triggered; is a void recordset
#  - record: record on which the action is triggered; may be be void
#  - records: recordset of all records on which the action is triggered in multi-mode; may be void
#  - time, datetime, dateutil, timezone: useful Python libraries
#  - log: log(message, level='info'): logging function to record debug information in ir.logging table
#  - Warning: Warning Exception to use with raise
# To return an action, assign: action = {...}

@api_depends('x_studio_monto_solicitado','x_studio_tarifa')
def _get_intereses(self):
  for r in self:
    r_get_interes = r.x_studio_monto_solicitado*r.x_studio_tarifa 

]]></field>
    <field name="crud_model_id" eval="False"/>
    <field name="help" eval="False"/>
    <field name="link_field_id" eval="False"/>
    <field name="model_id" ref="studio_customization.creditos_55e90f75-5151-4ead-94ff-2c150b8283d7"/>
    <field name="name">Calculo Cuota</field>
    <field name="sequence">5</field>
    <field name="state">code</field>
  </record>
</odoo>
