<?xml version='1.0' encoding='UTF-8'?>
<odoo>
  <record id="studio_customization.creditos_emitidos_d5b3aa28-d9fe-45de-a831-c48b8a98e986" model="ir.filters" context="{'studio': True}">
    <field name="action_id" eval="False"/>
    <field name="active" eval="True"/>
    <field name="context">{}</field>
    <field name="domain">[["x_studio_field_9Z3L1","!=",False]]</field>
    <field name="is_default" eval="True"/>
    <field name="model_id">x_creditos</field>
    <field name="name">Creditos Emitidos</field>
    <field name="sort">[]</field>
  </record>
  <record id="studio_customization.creditos_en_cobro_2506c660-b1a5-48f3-9e85-d3f5c834050e" model="ir.filters" context="{'studio': True}">
    <field name="action_id" eval="False"/>
    <field name="active" eval="True"/>
    <field name="context">{}</field>
    <field name="domain">[["x_studio_field_9Z3L1","!=","status1"]]</field>
    <field name="is_default" eval="False"/>
    <field name="model_id">x_creditos</field>
    <field name="name">Creditos en Cobro</field>
    <field name="sort">[]</field>
  </record>
</odoo>
