<?xml version='1.0' encoding='UTF-8'?>
<odoo>
  <record id="studio_customization.name_x_creditos_b9c1d61e-249f-4f8d-8f4e-5e3b8a28674f" model="ir.model.fields" context="{'studio': True}">
    <field name="complete_name" eval="False"/>
    <field name="compute" eval="False"/>
    <field name="copied" eval="False"/>
    <field name="depends" eval="False"/>
    <field name="domain">[]</field>
    <field name="field_description">Formulario para Creditos</field>
    <field name="groups" eval="[(6, 0, [])]"/>
    <field name="help" eval="False"/>
    <field name="index" eval="False"/>
    <field name="model">x_creditos</field>
    <field name="model_id" ref="studio_customization.creditos_55e90f75-5151-4ead-94ff-2c150b8283d7"/>
    <field name="name">x_name</field>
    <field name="on_delete">set null</field>
    <field name="readonly" eval="False"/>
    <field name="related" eval="False"/>
    <field name="relation" eval="False"/>
    <field name="relation_field" eval="False"/>
    <field name="required" eval="False"/>
    <field name="selectable" eval="True"/>
    <field name="selection" eval="False"/>
    <field name="size" eval="False"/>
    <field name="state">manual</field>
    <field name="store" eval="True"/>
    <field name="track_visibility" eval="False"/>
    <field name="translate" eval="False"/>
    <field name="ttype">char</field>
  </record>
  <record id="studio_customization.pipeline_status_bar__def63284-ef87-4974-8f84-69b8c4e2acdd" model="ir.model.fields" context="{'studio': True}">
    <field name="complete_name" eval="False"/>
    <field name="compute" eval="False"/>
    <field name="copied" eval="False"/>
    <field name="depends" eval="False"/>
    <field name="domain">[]</field>
    <field name="field_description">Cuota Actual</field>
    <field name="groups" eval="[(6, 0, [])]"/>
    <field name="help" eval="False"/>
    <field name="index" eval="False"/>
    <field name="model">x_creditos</field>
    <field name="model_id" ref="studio_customization.creditos_55e90f75-5151-4ead-94ff-2c150b8283d7"/>
    <field name="name">x_studio_field_9Z3L1</field>
    <field name="on_delete">set null</field>
    <field name="readonly" eval="False"/>
    <field name="related" eval="False"/>
    <field name="relation" eval="False"/>
    <field name="relation_field" eval="False"/>
    <field name="required" eval="False"/>
    <field name="selectable" eval="True"/>
    <field name="selection">[["status1","Cuota 1"],["status2","Cuota 2"],["status3","Cuota 3"],["Cuota 4","Cuota 4"],["Cuota 5","Cuota 5"],["Cuota 6","Cuota 6"],["Cuota 7","Cuota 7"],["Ultima Cuota","Ultima Cuota"]]</field>
    <field name="size" eval="False"/>
    <field name="state">manual</field>
    <field name="store" eval="True"/>
    <field name="track_visibility" eval="False"/>
    <field name="translate" eval="False"/>
    <field name="ttype">selection</field>
  </record>
  <record id="studio_customization.new_selection_x_cred_9951131f-cc81-4723-abe3-31070609c6f7" model="ir.model.fields" context="{'studio': True}">
    <field name="complete_name" eval="False"/>
    <field name="compute" eval="False"/>
    <field name="copied" eval="False"/>
    <field name="depends" eval="False"/>
    <field name="domain">[]</field>
    <field name="field_description">Tarifa</field>
    <field name="groups" eval="[(6, 0, [])]"/>
    <field name="help" eval="False"/>
    <field name="index" eval="False"/>
    <field name="model">x_creditos</field>
    <field name="model_id" ref="studio_customization.creditos_55e90f75-5151-4ead-94ff-2c150b8283d7"/>
    <field name="name">x_studio_tarifa</field>
    <field name="on_delete">set null</field>
    <field name="readonly" eval="False"/>
    <field name="related" eval="False"/>
    <field name="relation" eval="False"/>
    <field name="relation_field" eval="False"/>
    <field name="required" eval="True"/>
    <field name="selectable" eval="True"/>
    <field name="selection">[('0.145','0.145'),('0.150','0.150'),('0.155','0.155'),('0.160','0.160'),('0.165','0.165'),('0.161','0.161'),('0.151','0.151')]</field>
    <field name="size" eval="False"/>
    <field name="state">manual</field>
    <field name="store" eval="True"/>
    <field name="track_visibility" eval="False"/>
    <field name="translate" eval="False"/>
    <field name="ttype">selection</field>
  </record>
  <record id="studio_customization.currency_x_creditos_54ebf765-8de8-4126-919b-6e69e9ff5dce" model="ir.model.fields" context="{'studio': True}">
    <field name="complete_name" eval="False"/>
    <field name="compute" eval="False"/>
    <field name="copied" eval="False"/>
    <field name="depends" eval="False"/>
    <field name="domain">[]</field>
    <field name="field_description">Moneda</field>
    <field name="groups" eval="[(6, 0, [])]"/>
    <field name="help" eval="False"/>
    <field name="index" eval="False"/>
    <field name="model">x_creditos</field>
    <field name="model_id" ref="studio_customization.creditos_55e90f75-5151-4ead-94ff-2c150b8283d7"/>
    <field name="name">x_currency_id</field>
    <field name="on_delete">set null</field>
    <field name="readonly" eval="False"/>
    <field name="related" eval="False"/>
    <field name="relation">res.currency</field>
    <field name="relation_field" eval="False"/>
    <field name="required" eval="False"/>
    <field name="selectable" eval="True"/>
    <field name="selection" eval="False"/>
    <field name="size" eval="False"/>
    <field name="state">manual</field>
    <field name="store" eval="True"/>
    <field name="track_visibility" eval="False"/>
    <field name="translate" eval="False"/>
    <field name="ttype">many2one</field>
  </record>
  <record id="studio_customization.new_monetario_x_cred_a09bc173-c242-47a6-a325-c19c35493774" model="ir.model.fields" context="{'studio': True}">
    <field name="complete_name" eval="False"/>
    <field name="compute" eval="False"/>
    <field name="copied" eval="False"/>
    <field name="depends" eval="False"/>
    <field name="domain">[]</field>
    <field name="field_description">Monto solicitado</field>
    <field name="groups" eval="[(6, 0, [])]"/>
    <field name="help" eval="False"/>
    <field name="index" eval="False"/>
    <field name="model">x_creditos</field>
    <field name="model_id" ref="studio_customization.creditos_55e90f75-5151-4ead-94ff-2c150b8283d7"/>
    <field name="name">x_studio_monto_solicitado</field>
    <field name="on_delete">set null</field>
    <field name="readonly" eval="False"/>
    <field name="related" eval="False"/>
    <field name="relation" eval="False"/>
    <field name="relation_field" eval="False"/>
    <field name="required" eval="False"/>
    <field name="selectable" eval="True"/>
    <field name="selection" eval="False"/>
    <field name="size" eval="False"/>
    <field name="state">manual</field>
    <field name="store" eval="True"/>
    <field name="track_visibility" eval="False"/>
    <field name="translate" eval="False"/>
    <field name="ttype">monetary</field>
  </record>
  <record id="studio_customization.contacto_x_creditos_cd3875fa-6ff8-4481-be1e-dd96afb3dd4c" model="ir.model.fields" context="{'studio': True}">
    <field name="complete_name" eval="False"/>
    <field name="compute" eval="False"/>
    <field name="copied" eval="False"/>
    <field name="depends" eval="False"/>
    <field name="domain">[]</field>
    <field name="field_description">Grupo y Cliente</field>
    <field name="groups" eval="[(6, 0, [])]"/>
    <field name="help" eval="False"/>
    <field name="index" eval="False"/>
    <field name="model">x_creditos</field>
    <field name="model_id" ref="studio_customization.creditos_55e90f75-5151-4ead-94ff-2c150b8283d7"/>
    <field name="name">x_studio_field_5Mg0D</field>
    <field name="on_delete">set null</field>
    <field name="readonly" eval="False"/>
    <field name="related" eval="False"/>
    <field name="relation">res.partner</field>
    <field name="relation_field" eval="False"/>
    <field name="required" eval="False"/>
    <field name="selectable" eval="True"/>
    <field name="selection" eval="False"/>
    <field name="size" eval="False"/>
    <field name="state">manual</field>
    <field name="store" eval="True"/>
    <field name="track_visibility" eval="False"/>
    <field name="translate" eval="False"/>
    <field name="ttype">many2one</field>
  </record>
  <record id="studio_customization.new_monetario_x_cred_6dc272cb-c760-449d-a491-9dab67ef6cb4" model="ir.model.fields" context="{'studio': True}">
    <field name="complete_name" eval="False"/>
    <field name="compute" eval="False"/>
    <field name="copied" eval="False"/>
    <field name="depends" eval="False"/>
    <field name="domain">[]</field>
    <field name="field_description">Cuota cada 14 dias</field>
    <field name="groups" eval="[(6, 0, [])]"/>
    <field name="help" eval="False"/>
    <field name="index" eval="False"/>
    <field name="model">x_creditos</field>
    <field name="model_id" ref="studio_customization.creditos_55e90f75-5151-4ead-94ff-2c150b8283d7"/>
    <field name="name">x_studio_cuota_cada_14_dias</field>
    <field name="on_delete">set null</field>
    <field name="readonly" eval="False"/>
    <field name="related" eval="False"/>
    <field name="relation" eval="False"/>
    <field name="relation_field" eval="False"/>
    <field name="required" eval="False"/>
    <field name="selectable" eval="True"/>
    <field name="selection" eval="False"/>
    <field name="size" eval="False"/>
    <field name="state">manual</field>
    <field name="store" eval="True"/>
    <field name="track_visibility" eval="False"/>
    <field name="translate" eval="False"/>
    <field name="ttype">monetary</field>
  </record>
  <record id="studio_customization.new_numero_decimal_x_ec9f8d23-ab7e-4532-b779-800713114d89" model="ir.model.fields" context="{'studio': True}">
    <field name="complete_name" eval="False"/>
    <field name="compute" eval="False"/>
    <field name="copied" eval="False"/>
    <field name="depends" eval="False"/>
    <field name="domain">[]</field>
    <field name="field_description">Saldo Pendiente</field>
    <field name="groups" eval="[(6, 0, [])]"/>
    <field name="help" eval="False"/>
    <field name="index" eval="False"/>
    <field name="model">x_creditos</field>
    <field name="model_id" ref="studio_customization.creditos_55e90f75-5151-4ead-94ff-2c150b8283d7"/>
    <field name="name">x_studio_saldo_pendiente</field>
    <field name="on_delete">set null</field>
    <field name="readonly" eval="False"/>
    <field name="related" eval="False"/>
    <field name="relation" eval="False"/>
    <field name="relation_field" eval="False"/>
    <field name="required" eval="False"/>
    <field name="selectable" eval="True"/>
    <field name="selection" eval="False"/>
    <field name="size" eval="False"/>
    <field name="state">manual</field>
    <field name="store" eval="True"/>
    <field name="track_visibility" eval="False"/>
    <field name="translate" eval="False"/>
    <field name="ttype">float</field>
  </record>
  <record id="studio_customization.new_campo_relacionad_c7941bdf-bb75-416e-b939-bef597e9bbab" model="ir.model.fields" context="{'studio': True}">
    <field name="complete_name" eval="False"/>
    <field name="compute" eval="False"/>
    <field name="copied" eval="False"/>
    <field name="depends" eval="False"/>
    <field name="domain">[]</field>
    <field name="field_description">Dpi</field>
    <field name="groups" eval="[(6, 0, [])]"/>
    <field name="help" eval="False"/>
    <field name="index" eval="False"/>
    <field name="model">x_creditos</field>
    <field name="model_id" ref="studio_customization.creditos_55e90f75-5151-4ead-94ff-2c150b8283d7"/>
    <field name="name">x_studio_cdigo_unico_de_identificacin</field>
    <field name="on_delete">set null</field>
    <field name="readonly" eval="False"/>
    <field name="related">x_studio_field_5Mg0D.ref</field>
    <field name="relation" eval="False"/>
    <field name="relation_field" eval="False"/>
    <field name="required" eval="False"/>
    <field name="selectable" eval="True"/>
    <field name="selection" eval="False"/>
    <field name="size" eval="False"/>
    <field name="state">manual</field>
    <field name="store" eval="True"/>
    <field name="track_visibility" eval="False"/>
    <field name="translate" eval="False"/>
    <field name="ttype">char</field>
  </record>
  <record id="studio_customization.new_fecha_x_creditos_92675fe7-72e2-4c03-83f1-c7534968dd85" model="ir.model.fields" context="{'studio': True}">
    <field name="complete_name" eval="False"/>
    <field name="compute" eval="False"/>
    <field name="copied" eval="False"/>
    <field name="depends" eval="False"/>
    <field name="domain">[]</field>
    <field name="field_description">Fecha de Emision</field>
    <field name="groups" eval="[(6, 0, [])]"/>
    <field name="help" eval="False"/>
    <field name="index" eval="False"/>
    <field name="model">x_creditos</field>
    <field name="model_id" ref="studio_customization.creditos_55e90f75-5151-4ead-94ff-2c150b8283d7"/>
    <field name="name">x_studio_fecha_de_emision</field>
    <field name="on_delete">set null</field>
    <field name="readonly" eval="False"/>
    <field name="related" eval="False"/>
    <field name="relation" eval="False"/>
    <field name="relation_field" eval="False"/>
    <field name="required" eval="False"/>
    <field name="selectable" eval="True"/>
    <field name="selection" eval="False"/>
    <field name="size" eval="False"/>
    <field name="state">manual</field>
    <field name="store" eval="True"/>
    <field name="track_visibility" eval="False"/>
    <field name="translate" eval="False"/>
    <field name="ttype">date</field>
  </record>
  <record id="studio_customization.new_fecha_y_hora_x_c_59484876-7b37-48ae-87f0-6a4dc20d297a" model="ir.model.fields" context="{'studio': True}">
    <field name="complete_name" eval="False"/>
    <field name="compute" eval="False"/>
    <field name="copied" eval="False"/>
    <field name="depends" eval="False"/>
    <field name="domain">[]</field>
    <field name="field_description">Emisión de Credito</field>
    <field name="groups" eval="[(6, 0, [])]"/>
    <field name="help" eval="False"/>
    <field name="index" eval="False"/>
    <field name="model">x_creditos</field>
    <field name="model_id" ref="studio_customization.creditos_55e90f75-5151-4ead-94ff-2c150b8283d7"/>
    <field name="name">x_studio_fecha_de_emisin</field>
    <field name="on_delete">set null</field>
    <field name="readonly" eval="False"/>
    <field name="related" eval="False"/>
    <field name="relation" eval="False"/>
    <field name="relation_field" eval="False"/>
    <field name="required" eval="False"/>
    <field name="selectable" eval="True"/>
    <field name="selection" eval="False"/>
    <field name="size" eval="False"/>
    <field name="state">manual</field>
    <field name="store" eval="True"/>
    <field name="track_visibility" eval="False"/>
    <field name="translate" eval="False"/>
    <field name="ttype">datetime</field>
  </record>
  <record id="studio_customization.new_fecha_x_creditos_e044f367-abaf-4492-bb5d-b833adde96eb" model="ir.model.fields" context="{'studio': True}">
    <field name="complete_name" eval="False"/>
    <field name="compute" eval="False"/>
    <field name="copied" eval="False"/>
    <field name="depends" eval="False"/>
    <field name="domain">[]</field>
    <field name="field_description">Fin de Credito</field>
    <field name="groups" eval="[(6, 0, [])]"/>
    <field name="help" eval="False"/>
    <field name="index" eval="False"/>
    <field name="model">x_creditos</field>
    <field name="model_id" ref="studio_customization.creditos_55e90f75-5151-4ead-94ff-2c150b8283d7"/>
    <field name="name">x_studio_fecha_ltimo_pago</field>
    <field name="on_delete">set null</field>
    <field name="readonly" eval="False"/>
    <field name="related" eval="False"/>
    <field name="relation" eval="False"/>
    <field name="relation_field" eval="False"/>
    <field name="required" eval="False"/>
    <field name="selectable" eval="True"/>
    <field name="selection" eval="False"/>
    <field name="size" eval="False"/>
    <field name="state">manual</field>
    <field name="store" eval="True"/>
    <field name="track_visibility" eval="False"/>
    <field name="translate" eval="False"/>
    <field name="ttype">date</field>
  </record>
  <record id="studio_customization.color_x_creditos_dd39a0f7-9c79-43a7-87e0-defa1338cdd2" model="ir.model.fields" context="{'studio': True}">
    <field name="complete_name" eval="False"/>
    <field name="compute" eval="False"/>
    <field name="copied" eval="False"/>
    <field name="depends" eval="False"/>
    <field name="domain">[]</field>
    <field name="field_description">Color</field>
    <field name="groups" eval="[(6, 0, [])]"/>
    <field name="help" eval="False"/>
    <field name="index" eval="False"/>
    <field name="model">x_creditos</field>
    <field name="model_id" ref="studio_customization.creditos_55e90f75-5151-4ead-94ff-2c150b8283d7"/>
    <field name="name">x_color</field>
    <field name="on_delete">set null</field>
    <field name="readonly" eval="False"/>
    <field name="related" eval="False"/>
    <field name="relation" eval="False"/>
    <field name="relation_field" eval="False"/>
    <field name="required" eval="False"/>
    <field name="selectable" eval="True"/>
    <field name="selection" eval="False"/>
    <field name="size" eval="False"/>
    <field name="state">manual</field>
    <field name="store" eval="True"/>
    <field name="track_visibility" eval="False"/>
    <field name="translate" eval="False"/>
    <field name="ttype">integer</field>
  </record>
  <record id="studio_customization.name_x_caracte_e9d65cd8-53c6-400f-8f19-53a8af51c9a7" model="ir.model.fields" context="{'studio': True}">
    <field name="complete_name" eval="False"/>
    <field name="compute" eval="False"/>
    <field name="copied" eval="False"/>
    <field name="depends" eval="False"/>
    <field name="domain">[]</field>
    <field name="field_description">Name</field>
    <field name="groups" eval="[(6, 0, [])]"/>
    <field name="help" eval="False"/>
    <field name="index" eval="False"/>
    <field name="model">x_caracte</field>
    <field name="model_id" ref="studio_customization.caracte_89de8d1a-51ef-4cc4-82bf-07965500eb16"/>
    <field name="name">x_name</field>
    <field name="on_delete">set null</field>
    <field name="readonly" eval="False"/>
    <field name="related" eval="False"/>
    <field name="relation" eval="False"/>
    <field name="relation_field" eval="False"/>
    <field name="required" eval="False"/>
    <field name="selectable" eval="True"/>
    <field name="selection" eval="False"/>
    <field name="size" eval="False"/>
    <field name="state">manual</field>
    <field name="store" eval="True"/>
    <field name="track_visibility" eval="False"/>
    <field name="translate" eval="False"/>
    <field name="ttype">char</field>
  </record>
  <record id="studio_customization.contact_x_creditos_0077e9c4-dc95-4d73-8c5e-7b0c26038818" model="ir.model.fields" context="{'studio': True}">
    <field name="complete_name" eval="False"/>
    <field name="compute" eval="False"/>
    <field name="copied" eval="False"/>
    <field name="depends" eval="False"/>
    <field name="domain">[]</field>
    <field name="field_description">Contact</field>
    <field name="groups" eval="[(6, 0, [])]"/>
    <field name="help" eval="False"/>
    <field name="index" eval="False"/>
    <field name="model">x_creditos</field>
    <field name="model_id" ref="studio_customization.creditos_55e90f75-5151-4ead-94ff-2c150b8283d7"/>
    <field name="name">x_studio_field_qWEBs</field>
    <field name="on_delete">set null</field>
    <field name="readonly" eval="False"/>
    <field name="related" eval="False"/>
    <field name="relation">res.partner</field>
    <field name="relation_field" eval="False"/>
    <field name="required" eval="False"/>
    <field name="selectable" eval="True"/>
    <field name="selection" eval="False"/>
    <field name="size" eval="False"/>
    <field name="state">manual</field>
    <field name="store" eval="True"/>
    <field name="track_visibility" eval="False"/>
    <field name="translate" eval="False"/>
    <field name="ttype">many2one</field>
  </record>
  <record id="studio_customization.users_x_creditos_5ebed32b-f7be-4c65-8850-1576423c7229" model="ir.model.fields" context="{'studio': True}">
    <field name="complete_name" eval="False"/>
    <field name="compute" eval="False"/>
    <field name="copied" eval="False"/>
    <field name="depends" eval="False"/>
    <field name="domain">[]</field>
    <field name="field_description">Users</field>
    <field name="groups" eval="[(6, 0, [])]"/>
    <field name="help" eval="False"/>
    <field name="index" eval="False"/>
    <field name="model">x_creditos</field>
    <field name="model_id" ref="studio_customization.creditos_55e90f75-5151-4ead-94ff-2c150b8283d7"/>
    <field name="name">x_studio_field_TFMkL</field>
    <field name="on_delete">set null</field>
    <field name="readonly" eval="False"/>
    <field name="related" eval="False"/>
    <field name="relation">res.users</field>
    <field name="relation_field" eval="False"/>
    <field name="required" eval="False"/>
    <field name="selectable" eval="True"/>
    <field name="selection" eval="False"/>
    <field name="size" eval="False"/>
    <field name="state">manual</field>
    <field name="store" eval="True"/>
    <field name="track_visibility" eval="False"/>
    <field name="translate" eval="False"/>
    <field name="ttype">many2many</field>
  </record>
  <record id="studio_customization.usuarios_x_creditos_e4ea9e27-3803-4524-a203-19a7490e0d72" model="ir.model.fields" context="{'studio': True}">
    <field name="complete_name" eval="False"/>
    <field name="compute" eval="False"/>
    <field name="copied" eval="False"/>
    <field name="depends" eval="False"/>
    <field name="domain">[]</field>
    <field name="field_description">X Studio Field R3H3H</field>
    <field name="groups" eval="[(6, 0, [])]"/>
    <field name="help" eval="False"/>
    <field name="index" eval="False"/>
    <field name="model">x_creditos</field>
    <field name="model_id" ref="studio_customization.creditos_55e90f75-5151-4ead-94ff-2c150b8283d7"/>
    <field name="name">x_studio_field_r3h3H</field>
    <field name="on_delete">set null</field>
    <field name="readonly" eval="False"/>
    <field name="related" eval="False"/>
    <field name="relation">res.users</field>
    <field name="relation_field" eval="False"/>
    <field name="required" eval="False"/>
    <field name="selectable" eval="True"/>
    <field name="selection" eval="False"/>
    <field name="size" eval="False"/>
    <field name="state">manual</field>
    <field name="store" eval="True"/>
    <field name="track_visibility" eval="False"/>
    <field name="translate" eval="False"/>
    <field name="ttype">many2one</field>
  </record>
  <record id="studio_customization.new_prioridad_x_cred_b158d3d7-1a8b-4380-9102-3a8a866c0771" model="ir.model.fields" context="{'studio': True}">
    <field name="complete_name" eval="False"/>
    <field name="compute" eval="False"/>
    <field name="copied" eval="False"/>
    <field name="depends" eval="False"/>
    <field name="domain">[]</field>
    <field name="field_description">Tipo de Cliente</field>
    <field name="groups" eval="[(6, 0, [])]"/>
    <field name="help" eval="False"/>
    <field name="index" eval="False"/>
    <field name="model">x_creditos</field>
    <field name="model_id" ref="studio_customization.creditos_55e90f75-5151-4ead-94ff-2c150b8283d7"/>
    <field name="name">x_studio_tipo_de_cliente</field>
    <field name="on_delete">set null</field>
    <field name="readonly" eval="False"/>
    <field name="related" eval="False"/>
    <field name="relation" eval="False"/>
    <field name="relation_field" eval="False"/>
    <field name="required" eval="False"/>
    <field name="selectable" eval="True"/>
    <field name="selection">[["Excelente","Excelente"],["Bueno","Bueno"],["Intermedio","Intermedio"],["Malo","Malo"],["Pesimo","Pesimo"]]</field>
    <field name="size" eval="False"/>
    <field name="state">manual</field>
    <field name="store" eval="True"/>
    <field name="track_visibility" eval="False"/>
    <field name="translate" eval="False"/>
    <field name="ttype">selection</field>
  </record>
  <record id="studio_customization.new_campo_relacionad_6fd9246c-de1d-4530-816e-54e242ddb5bc" model="ir.model.fields" context="{'studio': True}">
    <field name="complete_name" eval="False"/>
    <field name="compute" eval="False"/>
    <field name="copied" eval="False"/>
    <field name="depends" eval="False"/>
    <field name="domain">[]</field>
    <field name="field_description">Ejecutivo de Credito</field>
    <field name="groups" eval="[(6, 0, [])]"/>
    <field name="help" eval="False"/>
    <field name="index" eval="False"/>
    <field name="model">x_creditos</field>
    <field name="model_id" ref="studio_customization.creditos_55e90f75-5151-4ead-94ff-2c150b8283d7"/>
    <field name="name">x_studio_ejecutivo_de_credito</field>
    <field name="on_delete">set null</field>
    <field name="readonly" eval="False"/>
    <field name="related">x_studio_field_TFMkL.name</field>
    <field name="relation" eval="False"/>
    <field name="relation_field" eval="False"/>
    <field name="required" eval="False"/>
    <field name="selectable" eval="True"/>
    <field name="selection" eval="False"/>
    <field name="size" eval="False"/>
    <field name="state">manual</field>
    <field name="store" eval="True"/>
    <field name="track_visibility" eval="False"/>
    <field name="translate" eval="False"/>
    <field name="ttype">char</field>
  </record>
  <record id="studio_customization.new_archivo_x_credit_ba633889-8f91-4212-a839-61c6a5da88e1" model="ir.model.fields" context="{'studio': True}">
    <field name="complete_name" eval="False"/>
    <field name="compute" eval="False"/>
    <field name="copied" eval="False"/>
    <field name="depends" eval="False"/>
    <field name="domain">[]</field>
    <field name="field_description">Boletas</field>
    <field name="groups" eval="[(6, 0, [])]"/>
    <field name="help" eval="False"/>
    <field name="index" eval="False"/>
    <field name="model">x_creditos</field>
    <field name="model_id" ref="studio_customization.creditos_55e90f75-5151-4ead-94ff-2c150b8283d7"/>
    <field name="name">x_studio_boletas</field>
    <field name="on_delete">set null</field>
    <field name="readonly" eval="False"/>
    <field name="related" eval="False"/>
    <field name="relation" eval="False"/>
    <field name="relation_field" eval="False"/>
    <field name="required" eval="False"/>
    <field name="selectable" eval="True"/>
    <field name="selection" eval="False"/>
    <field name="size" eval="False"/>
    <field name="state">manual</field>
    <field name="store" eval="True"/>
    <field name="track_visibility" eval="False"/>
    <field name="translate" eval="False"/>
    <field name="ttype">binary</field>
  </record>
  <record id="studio_customization.filename_for_x_studi_3747699a-6fa1-4815-9526-4c98be310484" model="ir.model.fields" context="{'studio': True}">
    <field name="complete_name" eval="False"/>
    <field name="compute" eval="False"/>
    <field name="copied" eval="False"/>
    <field name="depends" eval="False"/>
    <field name="domain">[]</field>
    <field name="field_description">Filename for x_studio_field_OEOFn</field>
    <field name="groups" eval="[(6, 0, [])]"/>
    <field name="help" eval="False"/>
    <field name="index" eval="False"/>
    <field name="model">x_creditos</field>
    <field name="model_id" ref="studio_customization.creditos_55e90f75-5151-4ead-94ff-2c150b8283d7"/>
    <field name="name">x_studio_field_OEOFn_filename</field>
    <field name="on_delete">set null</field>
    <field name="readonly" eval="False"/>
    <field name="related" eval="False"/>
    <field name="relation" eval="False"/>
    <field name="relation_field" eval="False"/>
    <field name="required" eval="False"/>
    <field name="selectable" eval="True"/>
    <field name="selection" eval="False"/>
    <field name="size" eval="False"/>
    <field name="state">manual</field>
    <field name="store" eval="True"/>
    <field name="track_visibility" eval="False"/>
    <field name="translate" eval="False"/>
    <field name="ttype">binary</field>
  </record>
  <record id="studio_customization.new_archivo_x_credit_9afc4d57-b147-4c49-a9fd-0346c3080cb9" model="ir.model.fields" context="{'studio': True}">
    <field name="complete_name" eval="False"/>
    <field name="compute" eval="False"/>
    <field name="copied" eval="False"/>
    <field name="depends" eval="False"/>
    <field name="domain">[]</field>
    <field name="field_description">Recibos</field>
    <field name="groups" eval="[(6, 0, [])]"/>
    <field name="help" eval="False"/>
    <field name="index" eval="False"/>
    <field name="model">x_creditos</field>
    <field name="model_id" ref="studio_customization.creditos_55e90f75-5151-4ead-94ff-2c150b8283d7"/>
    <field name="name">x_studio_recibos</field>
    <field name="on_delete">set null</field>
    <field name="readonly" eval="False"/>
    <field name="related" eval="False"/>
    <field name="relation" eval="False"/>
    <field name="relation_field" eval="False"/>
    <field name="required" eval="False"/>
    <field name="selectable" eval="True"/>
    <field name="selection" eval="False"/>
    <field name="size" eval="False"/>
    <field name="state">manual</field>
    <field name="store" eval="True"/>
    <field name="track_visibility" eval="False"/>
    <field name="translate" eval="False"/>
    <field name="ttype">binary</field>
  </record>
  <record id="studio_customization.filename_for_x_studi_001f2abc-b896-42b4-bd8b-116f4ca34b2d" model="ir.model.fields" context="{'studio': True}">
    <field name="complete_name" eval="False"/>
    <field name="compute" eval="False"/>
    <field name="copied" eval="False"/>
    <field name="depends" eval="False"/>
    <field name="domain">[]</field>
    <field name="field_description">Filename for x_studio_field_pwphT</field>
    <field name="groups" eval="[(6, 0, [])]"/>
    <field name="help" eval="False"/>
    <field name="index" eval="False"/>
    <field name="model">x_creditos</field>
    <field name="model_id" ref="studio_customization.creditos_55e90f75-5151-4ead-94ff-2c150b8283d7"/>
    <field name="name">x_studio_field_pwphT_filename</field>
    <field name="on_delete">set null</field>
    <field name="readonly" eval="False"/>
    <field name="related" eval="False"/>
    <field name="relation" eval="False"/>
    <field name="relation_field" eval="False"/>
    <field name="required" eval="False"/>
    <field name="selectable" eval="True"/>
    <field name="selection" eval="False"/>
    <field name="size" eval="False"/>
    <field name="state">manual</field>
    <field name="store" eval="True"/>
    <field name="track_visibility" eval="False"/>
    <field name="translate" eval="False"/>
    <field name="ttype">binary</field>
  </record>
  <record id="studio_customization.filename_for_x_studi_6d0f83d3-d3e2-4549-9346-ece16617a633" model="ir.model.fields" context="{'studio': True}">
    <field name="complete_name" eval="False"/>
    <field name="compute" eval="False"/>
    <field name="copied" eval="False"/>
    <field name="depends" eval="False"/>
    <field name="domain">[]</field>
    <field name="field_description">Filename for x_studio_boletas</field>
    <field name="groups" eval="[(6, 0, [])]"/>
    <field name="help" eval="False"/>
    <field name="index" eval="False"/>
    <field name="model">x_creditos</field>
    <field name="model_id" ref="studio_customization.creditos_55e90f75-5151-4ead-94ff-2c150b8283d7"/>
    <field name="name">x_studio_boletas_filename</field>
    <field name="on_delete">set null</field>
    <field name="readonly" eval="False"/>
    <field name="related" eval="False"/>
    <field name="relation" eval="False"/>
    <field name="relation_field" eval="False"/>
    <field name="required" eval="False"/>
    <field name="selectable" eval="True"/>
    <field name="selection" eval="False"/>
    <field name="size" eval="False"/>
    <field name="state">manual</field>
    <field name="store" eval="True"/>
    <field name="track_visibility" eval="False"/>
    <field name="translate" eval="False"/>
    <field name="ttype">binary</field>
  </record>
  <record id="studio_customization.filename_for_x_studi_87bb6af4-afa4-4fa9-95f0-903a4abc7d8b" model="ir.model.fields" context="{'studio': True}">
    <field name="complete_name" eval="False"/>
    <field name="compute" eval="False"/>
    <field name="copied" eval="False"/>
    <field name="depends" eval="False"/>
    <field name="domain">[]</field>
    <field name="field_description">Filename for x_studio_recibos</field>
    <field name="groups" eval="[(6, 0, [])]"/>
    <field name="help" eval="False"/>
    <field name="index" eval="False"/>
    <field name="model">x_creditos</field>
    <field name="model_id" ref="studio_customization.creditos_55e90f75-5151-4ead-94ff-2c150b8283d7"/>
    <field name="name">x_studio_recibos_filename</field>
    <field name="on_delete">set null</field>
    <field name="readonly" eval="False"/>
    <field name="related" eval="False"/>
    <field name="relation" eval="False"/>
    <field name="relation_field" eval="False"/>
    <field name="required" eval="False"/>
    <field name="selectable" eval="True"/>
    <field name="selection" eval="False"/>
    <field name="size" eval="False"/>
    <field name="state">manual</field>
    <field name="store" eval="True"/>
    <field name="track_visibility" eval="False"/>
    <field name="translate" eval="False"/>
    <field name="ttype">binary</field>
  </record>
  <record id="studio_customization.new_texto_res_partne_ffce3296-7439-46b5-bb97-9ed3cba8b4e6" model="ir.model.fields" context="{'studio': True}">
    <field name="complete_name" eval="False"/>
    <field name="compute" eval="False"/>
    <field name="copied" eval="False"/>
    <field name="depends" eval="False"/>
    <field name="domain">[]</field>
    <field name="field_description">Direccion del Deudor</field>
    <field name="groups" eval="[(6, 0, [])]"/>
    <field name="help" eval="False"/>
    <field name="index" eval="False"/>
    <field name="model">res.partner</field>
    <field name="model_id" ref="base.model_res_partner"/>
    <field name="name">x_studio_direccion_del_deudor</field>
    <field name="on_delete">set null</field>
    <field name="readonly" eval="False"/>
    <field name="related" eval="False"/>
    <field name="relation" eval="False"/>
    <field name="relation_field" eval="False"/>
    <field name="required" eval="False"/>
    <field name="selectable" eval="True"/>
    <field name="selection" eval="False"/>
    <field name="size" eval="False"/>
    <field name="state">manual</field>
    <field name="store" eval="True"/>
    <field name="track_visibility" eval="False"/>
    <field name="translate" eval="False"/>
    <field name="ttype">char</field>
  </record>
  <record id="studio_customization.new_campo_relacionad_74bcd8d0-71f1-432c-ac96-8ebb4a96d77b" model="ir.model.fields" context="{'studio': True}">
    <field name="complete_name" eval="False"/>
    <field name="compute" eval="False"/>
    <field name="copied" eval="False"/>
    <field name="depends" eval="False"/>
    <field name="domain">[]</field>
    <field name="field_description">New Campo relacionado</field>
    <field name="groups" eval="[(6, 0, [])]"/>
    <field name="help"><![CDATA[Check this box if this contact is an Employee.]]></field>
    <field name="index" eval="False"/>
    <field name="model">res.partner</field>
    <field name="model_id" ref="base.model_res_partner"/>
    <field name="name">x_studio_field_4v5TD</field>
    <field name="on_delete">set null</field>
    <field name="readonly" eval="False"/>
    <field name="related">employee</field>
    <field name="relation" eval="False"/>
    <field name="relation_field" eval="False"/>
    <field name="required" eval="False"/>
    <field name="selectable" eval="True"/>
    <field name="selection" eval="False"/>
    <field name="size" eval="False"/>
    <field name="state">manual</field>
    <field name="store" eval="True"/>
    <field name="track_visibility" eval="False"/>
    <field name="translate" eval="False"/>
    <field name="ttype">boolean</field>
  </record>
  <record id="studio_customization.new_unoamuchos_res_p_5f24ad57-7c24-4890-82ce-dcb483172cbb" model="ir.model.fields" context="{'studio': True}">
    <field name="complete_name" eval="False"/>
    <field name="compute" eval="False"/>
    <field name="copied" eval="False"/>
    <field name="depends" eval="False"/>
    <field name="domain">[]</field>
    <field name="field_description">New UnoAMuchos</field>
    <field name="groups" eval="[(6, 0, [])]"/>
    <field name="help" eval="False"/>
    <field name="index" eval="False"/>
    <field name="model">res.partner</field>
    <field name="model_id" ref="base.model_res_partner"/>
    <field name="name">x_studio_field_uG4BN</field>
    <field name="on_delete">set null</field>
    <field name="readonly" eval="False"/>
    <field name="related" eval="False"/>
    <field name="relation">res.users</field>
    <field name="relation_field">parent_id</field>
    <field name="required" eval="False"/>
    <field name="selectable" eval="True"/>
    <field name="selection" eval="False"/>
    <field name="size" eval="False"/>
    <field name="state">manual</field>
    <field name="store" eval="True"/>
    <field name="track_visibility" eval="False"/>
    <field name="translate" eval="False"/>
    <field name="ttype">one2many</field>
  </record>
  <record id="studio_customization.new_campo_relacionad_4e69653a-6b5d-4bf1-bdd3-1444ba6cd9f6" model="ir.model.fields" context="{'studio': True}">
    <field name="complete_name" eval="False"/>
    <field name="compute" eval="False"/>
    <field name="copied" eval="False"/>
    <field name="depends" eval="False"/>
    <field name="domain">[]</field>
    <field name="field_description">New Campo relacionado</field>
    <field name="groups" eval="[(6, 0, [])]"/>
    <field name="help" eval="False"/>
    <field name="index" eval="False"/>
    <field name="model">res.partner</field>
    <field name="model_id" ref="base.model_res_partner"/>
    <field name="name">x_studio_field_yGI9C</field>
    <field name="on_delete">set null</field>
    <field name="readonly" eval="False"/>
    <field name="related">activity_user_id.name</field>
    <field name="relation" eval="False"/>
    <field name="relation_field" eval="False"/>
    <field name="required" eval="False"/>
    <field name="selectable" eval="True"/>
    <field name="selection" eval="False"/>
    <field name="size" eval="False"/>
    <field name="state">manual</field>
    <field name="store" eval="True"/>
    <field name="track_visibility" eval="False"/>
    <field name="translate" eval="False"/>
    <field name="ttype">char</field>
  </record>
  <record id="studio_customization.new_campo_relacionad_c71321fb-3f61-4190-af85-c0b99125668c" model="ir.model.fields" context="{'studio': True}">
    <field name="complete_name" eval="False"/>
    <field name="compute" eval="False"/>
    <field name="copied" eval="False"/>
    <field name="depends" eval="False"/>
    <field name="domain">[]</field>
    <field name="field_description">Direccion</field>
    <field name="groups" eval="[(6, 0, [])]"/>
    <field name="help" eval="False"/>
    <field name="index" eval="False"/>
    <field name="model">x_creditos</field>
    <field name="model_id" ref="studio_customization.creditos_55e90f75-5151-4ead-94ff-2c150b8283d7"/>
    <field name="name">x_studio_direccion</field>
    <field name="on_delete">set null</field>
    <field name="readonly" eval="False"/>
    <field name="related">x_studio_field_qWEBs.x_studio_direccion_del_deudor</field>
    <field name="relation" eval="False"/>
    <field name="relation_field" eval="False"/>
    <field name="required" eval="False"/>
    <field name="selectable" eval="True"/>
    <field name="selection" eval="False"/>
    <field name="size" eval="False"/>
    <field name="state">manual</field>
    <field name="store" eval="True"/>
    <field name="track_visibility" eval="False"/>
    <field name="translate" eval="False"/>
    <field name="ttype">char</field>
  </record>
  <record id="studio_customization.grupo_y_cliente_coun_4a70d646-2ba1-4dc0-b6c1-88e0a979b644" model="ir.model.fields" context="{'studio': True}">
    <field name="complete_name" eval="False"/>
    <field name="compute"><![CDATA[
results = self.env['x_creditos'].read_group([('x_studio_field_5Mg0D', 'in', self.ids)], 'x_studio_field_5Mg0D', 'x_studio_field_5Mg0D')
dic = {}
for x in results: dic[x['x_studio_field_5Mg0D'][0]] = x['x_studio_field_5Mg0D_count']
for record in self: record['x_x_studio_field_5Mg0D__x_creditos_count'] = dic.get(record.id, 0)
]]></field>
    <field name="copied" eval="False"/>
    <field name="depends" eval="False"/>
    <field name="domain">[]</field>
    <field name="field_description">Grupo y Cliente count</field>
    <field name="groups" eval="[(6, 0, [])]"/>
    <field name="help" eval="False"/>
    <field name="index" eval="False"/>
    <field name="model">res.partner</field>
    <field name="model_id" ref="base.model_res_partner"/>
    <field name="name">x_x_studio_field_5Mg0D__x_creditos_count</field>
    <field name="on_delete">set null</field>
    <field name="readonly" eval="False"/>
    <field name="related" eval="False"/>
    <field name="relation" eval="False"/>
    <field name="relation_field" eval="False"/>
    <field name="required" eval="False"/>
    <field name="selectable" eval="False"/>
    <field name="selection" eval="False"/>
    <field name="size" eval="False"/>
    <field name="state">manual</field>
    <field name="store" eval="False"/>
    <field name="track_visibility" eval="False"/>
    <field name="translate" eval="False"/>
    <field name="ttype">integer</field>
  </record>
  <record id="studio_customization.ajustes_de_credito_x_708cdda5-5123-4f5e-9f38-930dd59d89ec" model="ir.model.fields" context="{'studio': True}">
    <field name="complete_name" eval="False"/>
    <field name="compute" eval="False"/>
    <field name="copied" eval="False"/>
    <field name="depends" eval="False"/>
    <field name="domain">[]</field>
    <field name="field_description">Ajustes de credito</field>
    <field name="groups" eval="[(6, 0, [])]"/>
    <field name="help" eval="False"/>
    <field name="index" eval="False"/>
    <field name="model">x_creditos</field>
    <field name="model_id" ref="studio_customization.creditos_55e90f75-5151-4ead-94ff-2c150b8283d7"/>
    <field name="name">x_studio_field_RFtd2</field>
    <field name="on_delete">set null</field>
    <field name="readonly" eval="False"/>
    <field name="related" eval="False"/>
    <field name="relation">x_ajustes_de_credito</field>
    <field name="relation_field" eval="False"/>
    <field name="required" eval="False"/>
    <field name="selectable" eval="True"/>
    <field name="selection" eval="False"/>
    <field name="size" eval="False"/>
    <field name="state">manual</field>
    <field name="store" eval="True"/>
    <field name="track_visibility" eval="False"/>
    <field name="translate" eval="False"/>
    <field name="ttype">many2one</field>
  </record>
  <record id="studio_customization.new_numero_decimal_x_d9284c03-9c07-433d-a496-8f288c9e56d2" model="ir.model.fields" context="{'studio': True}">
    <field name="complete_name" eval="False"/>
    <field name="compute"><![CDATA[
for record in self:
  record['x_studio_calculo_de_interes'] = self['x_studio_monto_solicitado'] * self['x_studio_field_RFtd2']]]></field>
    <field name="copied" eval="False"/>
    <field name="depends">x_studio_field_RFtd2, x_studio_monto_solicitado</field>
    <field name="domain">[]</field>
    <field name="field_description">Calculo de Interes</field>
    <field name="groups" eval="[(6, 0, [])]"/>
    <field name="help" eval="False"/>
    <field name="index" eval="False"/>
    <field name="model">x_creditos</field>
    <field name="model_id" ref="studio_customization.creditos_55e90f75-5151-4ead-94ff-2c150b8283d7"/>
    <field name="name">x_studio_calculo_de_interes</field>
    <field name="on_delete">set null</field>
    <field name="readonly" eval="True"/>
    <field name="related" eval="False"/>
    <field name="relation" eval="False"/>
    <field name="relation_field" eval="False"/>
    <field name="required" eval="False"/>
    <field name="selectable" eval="True"/>
    <field name="selection" eval="False"/>
    <field name="size" eval="False"/>
    <field name="state">manual</field>
    <field name="store" eval="True"/>
    <field name="track_visibility" eval="False"/>
    <field name="translate" eval="False"/>
    <field name="ttype">float</field>
  </record>
  <record id="studio_customization.new_numero_decimal_x_ce1da464-ad1e-41c2-af27-249f105d1537" model="ir.model.fields" context="{'studio': True}">
    <field name="complete_name" eval="False"/>
    <field name="compute"><![CDATA[for record in self:
  if record['x_studio_monto_solicitado'] > 0: 
        record['x_studio_total'] = record['x_studio_monto_solicitado'] + record['x_studio_calculo_de_interes']]]></field>
    <field name="copied" eval="False"/>
    <field name="depends">x_studio_monto_solicitado,x_studio_calculo_de_interes</field>
    <field name="domain">[]</field>
    <field name="field_description">Total</field>
    <field name="groups" eval="[(6, 0, [])]"/>
    <field name="help" eval="False"/>
    <field name="index" eval="False"/>
    <field name="model">x_creditos</field>
    <field name="model_id" ref="studio_customization.creditos_55e90f75-5151-4ead-94ff-2c150b8283d7"/>
    <field name="name">x_studio_total</field>
    <field name="on_delete">set null</field>
    <field name="readonly" eval="True"/>
    <field name="related" eval="False"/>
    <field name="relation" eval="False"/>
    <field name="relation_field" eval="False"/>
    <field name="required" eval="False"/>
    <field name="selectable" eval="True"/>
    <field name="selection" eval="False"/>
    <field name="size" eval="False"/>
    <field name="state">manual</field>
    <field name="store" eval="True"/>
    <field name="track_visibility" eval="False"/>
    <field name="translate" eval="False"/>
    <field name="ttype">float</field>
  </record>
  <record id="studio_customization.new_archivo_x_credit_2e2e93e7-33fe-4a1b-8589-3295387a2958" model="ir.model.fields" context="{'studio': True}">
    <field name="complete_name" eval="False"/>
    <field name="compute" eval="False"/>
    <field name="copied" eval="False"/>
    <field name="depends" eval="False"/>
    <field name="domain">[]</field>
    <field name="field_description">Dpi</field>
    <field name="groups" eval="[(6, 0, [])]"/>
    <field name="help" eval="False"/>
    <field name="index" eval="False"/>
    <field name="model">x_creditos</field>
    <field name="model_id" ref="studio_customization.creditos_55e90f75-5151-4ead-94ff-2c150b8283d7"/>
    <field name="name">x_studio_dpi</field>
    <field name="on_delete">set null</field>
    <field name="readonly" eval="False"/>
    <field name="related" eval="False"/>
    <field name="relation" eval="False"/>
    <field name="relation_field" eval="False"/>
    <field name="required" eval="False"/>
    <field name="selectable" eval="True"/>
    <field name="selection" eval="False"/>
    <field name="size" eval="False"/>
    <field name="state">manual</field>
    <field name="store" eval="True"/>
    <field name="track_visibility" eval="False"/>
    <field name="translate" eval="False"/>
    <field name="ttype">binary</field>
  </record>
  <record id="studio_customization.filename_for_x_studi_4845199f-1ae9-4725-82ec-22360e437de8" model="ir.model.fields" context="{'studio': True}">
    <field name="complete_name" eval="False"/>
    <field name="compute" eval="False"/>
    <field name="copied" eval="False"/>
    <field name="depends" eval="False"/>
    <field name="domain">[]</field>
    <field name="field_description">Filename for x_studio_field_BbTYo</field>
    <field name="groups" eval="[(6, 0, [])]"/>
    <field name="help" eval="False"/>
    <field name="index" eval="False"/>
    <field name="model">x_creditos</field>
    <field name="model_id" ref="studio_customization.creditos_55e90f75-5151-4ead-94ff-2c150b8283d7"/>
    <field name="name">x_studio_field_BbTYo_filename</field>
    <field name="on_delete">set null</field>
    <field name="readonly" eval="False"/>
    <field name="related" eval="False"/>
    <field name="relation" eval="False"/>
    <field name="relation_field" eval="False"/>
    <field name="required" eval="False"/>
    <field name="selectable" eval="True"/>
    <field name="selection" eval="False"/>
    <field name="size" eval="False"/>
    <field name="state">manual</field>
    <field name="store" eval="True"/>
    <field name="track_visibility" eval="False"/>
    <field name="translate" eval="False"/>
    <field name="ttype">binary</field>
  </record>
  <record id="studio_customization.filename_for_x_studi_a3ba100f-cb5f-4258-973c-b10954a85fd0" model="ir.model.fields" context="{'studio': True}">
    <field name="complete_name" eval="False"/>
    <field name="compute" eval="False"/>
    <field name="copied" eval="False"/>
    <field name="depends" eval="False"/>
    <field name="domain">[]</field>
    <field name="field_description">Filename for x_studio_dpi</field>
    <field name="groups" eval="[(6, 0, [])]"/>
    <field name="help" eval="False"/>
    <field name="index" eval="False"/>
    <field name="model">x_creditos</field>
    <field name="model_id" ref="studio_customization.creditos_55e90f75-5151-4ead-94ff-2c150b8283d7"/>
    <field name="name">x_studio_dpi_filename</field>
    <field name="on_delete">set null</field>
    <field name="readonly" eval="False"/>
    <field name="related" eval="False"/>
    <field name="relation" eval="False"/>
    <field name="relation_field" eval="False"/>
    <field name="required" eval="False"/>
    <field name="selectable" eval="True"/>
    <field name="selection" eval="False"/>
    <field name="size" eval="False"/>
    <field name="state">manual</field>
    <field name="store" eval="True"/>
    <field name="track_visibility" eval="False"/>
    <field name="translate" eval="False"/>
    <field name="ttype">binary</field>
  </record>
  <record id="studio_customization.new_archivo_x_credit_95f990bf-8d0f-4e0c-9750-a627274fb57b" model="ir.model.fields" context="{'studio': True}">
    <field name="complete_name" eval="False"/>
    <field name="compute" eval="False"/>
    <field name="copied" eval="False"/>
    <field name="depends" eval="False"/>
    <field name="domain">[]</field>
    <field name="field_description">Recibos de Agua y Luz</field>
    <field name="groups" eval="[(6, 0, [])]"/>
    <field name="help" eval="False"/>
    <field name="index" eval="False"/>
    <field name="model">x_creditos</field>
    <field name="model_id" ref="studio_customization.creditos_55e90f75-5151-4ead-94ff-2c150b8283d7"/>
    <field name="name">x_studio_recibos_de_agua_y_luz</field>
    <field name="on_delete">set null</field>
    <field name="readonly" eval="False"/>
    <field name="related" eval="False"/>
    <field name="relation" eval="False"/>
    <field name="relation_field" eval="False"/>
    <field name="required" eval="False"/>
    <field name="selectable" eval="True"/>
    <field name="selection" eval="False"/>
    <field name="size" eval="False"/>
    <field name="state">manual</field>
    <field name="store" eval="True"/>
    <field name="track_visibility" eval="False"/>
    <field name="translate" eval="False"/>
    <field name="ttype">binary</field>
  </record>
  <record id="studio_customization.filename_for_x_studi_983c30e7-0834-41f3-93d7-3b0101ea474c" model="ir.model.fields" context="{'studio': True}">
    <field name="complete_name" eval="False"/>
    <field name="compute" eval="False"/>
    <field name="copied" eval="False"/>
    <field name="depends" eval="False"/>
    <field name="domain">[]</field>
    <field name="field_description">Filename for x_studio_field_fVOvL</field>
    <field name="groups" eval="[(6, 0, [])]"/>
    <field name="help" eval="False"/>
    <field name="index" eval="False"/>
    <field name="model">x_creditos</field>
    <field name="model_id" ref="studio_customization.creditos_55e90f75-5151-4ead-94ff-2c150b8283d7"/>
    <field name="name">x_studio_field_fVOvL_filename</field>
    <field name="on_delete">set null</field>
    <field name="readonly" eval="False"/>
    <field name="related" eval="False"/>
    <field name="relation" eval="False"/>
    <field name="relation_field" eval="False"/>
    <field name="required" eval="False"/>
    <field name="selectable" eval="True"/>
    <field name="selection" eval="False"/>
    <field name="size" eval="False"/>
    <field name="state">manual</field>
    <field name="store" eval="True"/>
    <field name="track_visibility" eval="False"/>
    <field name="translate" eval="False"/>
    <field name="ttype">binary</field>
  </record>
  <record id="studio_customization.filename_for_x_studi_916a0341-f535-485e-8f5c-1e0a1f2fa4dd" model="ir.model.fields" context="{'studio': True}">
    <field name="complete_name" eval="False"/>
    <field name="compute" eval="False"/>
    <field name="copied" eval="False"/>
    <field name="depends" eval="False"/>
    <field name="domain">[]</field>
    <field name="field_description">Filename for x_studio_recibos_de_agua_y_luz</field>
    <field name="groups" eval="[(6, 0, [])]"/>
    <field name="help" eval="False"/>
    <field name="index" eval="False"/>
    <field name="model">x_creditos</field>
    <field name="model_id" ref="studio_customization.creditos_55e90f75-5151-4ead-94ff-2c150b8283d7"/>
    <field name="name">x_studio_recibos_de_agua_y_luz_filename</field>
    <field name="on_delete">set null</field>
    <field name="readonly" eval="False"/>
    <field name="related" eval="False"/>
    <field name="relation" eval="False"/>
    <field name="relation_field" eval="False"/>
    <field name="required" eval="False"/>
    <field name="selectable" eval="True"/>
    <field name="selection" eval="False"/>
    <field name="size" eval="False"/>
    <field name="state">manual</field>
    <field name="store" eval="True"/>
    <field name="track_visibility" eval="False"/>
    <field name="translate" eval="False"/>
    <field name="ttype">binary</field>
  </record>
  <record id="studio_customization.new_archivo_x_credit_ac6937ac-4063-4e5a-a90b-6e6b4562ac1e" model="ir.model.fields" context="{'studio': True}">
    <field name="complete_name" eval="False"/>
    <field name="compute" eval="False"/>
    <field name="copied" eval="False"/>
    <field name="depends" eval="False"/>
    <field name="domain">[]</field>
    <field name="field_description">Cartas de Recomendación</field>
    <field name="groups" eval="[(6, 0, [])]"/>
    <field name="help" eval="False"/>
    <field name="index" eval="False"/>
    <field name="model">x_creditos</field>
    <field name="model_id" ref="studio_customization.creditos_55e90f75-5151-4ead-94ff-2c150b8283d7"/>
    <field name="name">x_studio_cartas_de_recomendacin</field>
    <field name="on_delete">set null</field>
    <field name="readonly" eval="False"/>
    <field name="related" eval="False"/>
    <field name="relation" eval="False"/>
    <field name="relation_field" eval="False"/>
    <field name="required" eval="False"/>
    <field name="selectable" eval="True"/>
    <field name="selection" eval="False"/>
    <field name="size" eval="False"/>
    <field name="state">manual</field>
    <field name="store" eval="True"/>
    <field name="track_visibility" eval="False"/>
    <field name="translate" eval="False"/>
    <field name="ttype">binary</field>
  </record>
  <record id="studio_customization.filename_for_x_studi_b37fd559-c0e3-496e-8bbd-851251e5ce02" model="ir.model.fields" context="{'studio': True}">
    <field name="complete_name" eval="False"/>
    <field name="compute" eval="False"/>
    <field name="copied" eval="False"/>
    <field name="depends" eval="False"/>
    <field name="domain">[]</field>
    <field name="field_description">Filename for x_studio_field_3K2M7</field>
    <field name="groups" eval="[(6, 0, [])]"/>
    <field name="help" eval="False"/>
    <field name="index" eval="False"/>
    <field name="model">x_creditos</field>
    <field name="model_id" ref="studio_customization.creditos_55e90f75-5151-4ead-94ff-2c150b8283d7"/>
    <field name="name">x_studio_field_3K2M7_filename</field>
    <field name="on_delete">set null</field>
    <field name="readonly" eval="False"/>
    <field name="related" eval="False"/>
    <field name="relation" eval="False"/>
    <field name="relation_field" eval="False"/>
    <field name="required" eval="False"/>
    <field name="selectable" eval="True"/>
    <field name="selection" eval="False"/>
    <field name="size" eval="False"/>
    <field name="state">manual</field>
    <field name="store" eval="True"/>
    <field name="track_visibility" eval="False"/>
    <field name="translate" eval="False"/>
    <field name="ttype">binary</field>
  </record>
  <record id="studio_customization.filename_for_x_studi_3d165de6-50e0-488d-9cd6-5c0fa2c2cd12" model="ir.model.fields" context="{'studio': True}">
    <field name="complete_name" eval="False"/>
    <field name="compute" eval="False"/>
    <field name="copied" eval="False"/>
    <field name="depends" eval="False"/>
    <field name="domain">[]</field>
    <field name="field_description">Filename for x_studio_cartas_de_recomendacin</field>
    <field name="groups" eval="[(6, 0, [])]"/>
    <field name="help" eval="False"/>
    <field name="index" eval="False"/>
    <field name="model">x_creditos</field>
    <field name="model_id" ref="studio_customization.creditos_55e90f75-5151-4ead-94ff-2c150b8283d7"/>
    <field name="name">x_studio_cartas_de_recomendacin_filename</field>
    <field name="on_delete">set null</field>
    <field name="readonly" eval="False"/>
    <field name="related" eval="False"/>
    <field name="relation" eval="False"/>
    <field name="relation_field" eval="False"/>
    <field name="required" eval="False"/>
    <field name="selectable" eval="True"/>
    <field name="selection" eval="False"/>
    <field name="size" eval="False"/>
    <field name="state">manual</field>
    <field name="store" eval="True"/>
    <field name="track_visibility" eval="False"/>
    <field name="translate" eval="False"/>
    <field name="ttype">binary</field>
  </record>
  <record id="studio_customization.new_texto_x_creditos_70f63975-1b19-4c45-b4e2-c838d1da5ccc" model="ir.model.fields" context="{'studio': True}">
    <field name="complete_name" eval="False"/>
    <field name="compute" eval="False"/>
    <field name="copied" eval="False"/>
    <field name="depends" eval="False"/>
    <field name="domain">[]</field>
    <field name="field_description">Hoja de Solicitud</field>
    <field name="groups" eval="[(6, 0, [])]"/>
    <field name="help" eval="False"/>
    <field name="index" eval="False"/>
    <field name="model">x_creditos</field>
    <field name="model_id" ref="studio_customization.creditos_55e90f75-5151-4ead-94ff-2c150b8283d7"/>
    <field name="name">x_studio_hoja_de_solicitud</field>
    <field name="on_delete">set null</field>
    <field name="readonly" eval="False"/>
    <field name="related" eval="False"/>
    <field name="relation" eval="False"/>
    <field name="relation_field" eval="False"/>
    <field name="required" eval="False"/>
    <field name="selectable" eval="True"/>
    <field name="selection" eval="False"/>
    <field name="size" eval="False"/>
    <field name="state">manual</field>
    <field name="store" eval="True"/>
    <field name="track_visibility" eval="False"/>
    <field name="translate" eval="False"/>
    <field name="ttype">char</field>
  </record>
  <record id="studio_customization.name_x_nuevo_credito_37206448-8b0c-47aa-801d-c04d355739a5" model="ir.model.fields" context="{'studio': True}">
    <field name="complete_name" eval="False"/>
    <field name="compute" eval="False"/>
    <field name="copied" eval="False"/>
    <field name="depends" eval="False"/>
    <field name="domain">[]</field>
    <field name="field_description">Formulario Nuevo Credito</field>
    <field name="groups" eval="[(6, 0, [])]"/>
    <field name="help" eval="False"/>
    <field name="index" eval="False"/>
    <field name="model">x_nuevo_credito</field>
    <field name="model_id" ref="studio_customization.nuevo_credito_db787a69-0d5f-40a6-86d9-8751a40867fc"/>
    <field name="name">x_name</field>
    <field name="on_delete">set null</field>
    <field name="readonly" eval="False"/>
    <field name="related" eval="False"/>
    <field name="relation" eval="False"/>
    <field name="relation_field" eval="False"/>
    <field name="required" eval="False"/>
    <field name="selectable" eval="True"/>
    <field name="selection" eval="False"/>
    <field name="size" eval="False"/>
    <field name="state">manual</field>
    <field name="store" eval="True"/>
    <field name="track_visibility" eval="False"/>
    <field name="translate" eval="False"/>
    <field name="ttype">char</field>
  </record>
  <record id="studio_customization.contacto_x_nuevo_cre_e7d81dd2-5d66-43eb-9ed1-f7dc1a20b9e6" model="ir.model.fields" context="{'studio': True}">
    <field name="complete_name" eval="False"/>
    <field name="compute" eval="False"/>
    <field name="copied" eval="False"/>
    <field name="depends" eval="False"/>
    <field name="domain">[]</field>
    <field name="field_description">Contacto</field>
    <field name="groups" eval="[(6, 0, [])]"/>
    <field name="help" eval="False"/>
    <field name="index" eval="False"/>
    <field name="model">x_nuevo_credito</field>
    <field name="model_id" ref="studio_customization.nuevo_credito_db787a69-0d5f-40a6-86d9-8751a40867fc"/>
    <field name="name">x_studio_field_0vb92</field>
    <field name="on_delete">set null</field>
    <field name="readonly" eval="False"/>
    <field name="related" eval="False"/>
    <field name="relation">res.partner</field>
    <field name="relation_field" eval="False"/>
    <field name="required" eval="False"/>
    <field name="selectable" eval="True"/>
    <field name="selection" eval="False"/>
    <field name="size" eval="False"/>
    <field name="state">manual</field>
    <field name="store" eval="True"/>
    <field name="track_visibility" eval="False"/>
    <field name="translate" eval="False"/>
    <field name="ttype">many2one</field>
  </record>
  <record id="studio_customization.new_campo_relacionad_ed674a32-9917-4dba-aee9-264a8cc0e2fa" model="ir.model.fields" context="{'studio': True}">
    <field name="complete_name" eval="False"/>
    <field name="compute" eval="False"/>
    <field name="copied" eval="False"/>
    <field name="depends" eval="False"/>
    <field name="domain">[]</field>
    <field name="field_description">Grupo</field>
    <field name="groups" eval="[(6, 0, [])]"/>
    <field name="help" eval="False"/>
    <field name="index" eval="False"/>
    <field name="model">x_nuevo_credito</field>
    <field name="model_id" ref="studio_customization.nuevo_credito_db787a69-0d5f-40a6-86d9-8751a40867fc"/>
    <field name="name">x_studio_grupo</field>
    <field name="on_delete">set null</field>
    <field name="readonly" eval="False"/>
    <field name="related">x_studio_field_0vb92.company_id.name</field>
    <field name="relation" eval="False"/>
    <field name="relation_field" eval="False"/>
    <field name="required" eval="False"/>
    <field name="selectable" eval="True"/>
    <field name="selection" eval="False"/>
    <field name="size" eval="False"/>
    <field name="state">manual</field>
    <field name="store" eval="True"/>
    <field name="track_visibility" eval="False"/>
    <field name="translate" eval="False"/>
    <field name="ttype">char</field>
  </record>
  <record id="studio_customization.new_campo_relacionad_835af9bd-e6c5-4291-8a8a-3223d82e5fc1" model="ir.model.fields" context="{'studio': True}">
    <field name="complete_name" eval="False"/>
    <field name="compute" eval="False"/>
    <field name="copied" eval="False"/>
    <field name="depends" eval="False"/>
    <field name="domain">[]</field>
    <field name="field_description">Nombre</field>
    <field name="groups" eval="[(6, 0, [])]"/>
    <field name="help" eval="False"/>
    <field name="index" eval="False"/>
    <field name="model">x_nuevo_credito</field>
    <field name="model_id" ref="studio_customization.nuevo_credito_db787a69-0d5f-40a6-86d9-8751a40867fc"/>
    <field name="name">x_studio_nombre</field>
    <field name="on_delete">set null</field>
    <field name="readonly" eval="False"/>
    <field name="related">x_studio_field_0vb92.name</field>
    <field name="relation" eval="False"/>
    <field name="relation_field" eval="False"/>
    <field name="required" eval="False"/>
    <field name="selectable" eval="True"/>
    <field name="selection" eval="False"/>
    <field name="size" eval="False"/>
    <field name="state">manual</field>
    <field name="store" eval="True"/>
    <field name="track_visibility" eval="False"/>
    <field name="translate" eval="False"/>
    <field name="ttype">char</field>
  </record>
  <record id="studio_customization.contacto_x_nuevo_cre_68d199fd-29a2-45d0-91e9-1cc10193e5ff" model="ir.model.fields" context="{'studio': True}">
    <field name="complete_name" eval="False"/>
    <field name="compute" eval="False"/>
    <field name="copied" eval="False"/>
    <field name="depends" eval="False"/>
    <field name="domain">[]</field>
    <field name="field_description">Nombre de la compañia</field>
    <field name="groups" eval="[(6, 0, [])]"/>
    <field name="help" eval="False"/>
    <field name="index" eval="False"/>
    <field name="model">x_nuevo_credito</field>
    <field name="model_id" ref="studio_customization.nuevo_credito_db787a69-0d5f-40a6-86d9-8751a40867fc"/>
    <field name="name">x_studio_nombre_de_la_compaia</field>
    <field name="on_delete">set null</field>
    <field name="readonly" eval="False"/>
    <field name="related" eval="False"/>
    <field name="relation">res.partner</field>
    <field name="relation_field" eval="False"/>
    <field name="required" eval="False"/>
    <field name="selectable" eval="True"/>
    <field name="selection" eval="False"/>
    <field name="size" eval="False"/>
    <field name="state">manual</field>
    <field name="store" eval="True"/>
    <field name="track_visibility" eval="False"/>
    <field name="translate" eval="False"/>
    <field name="ttype">many2one</field>
  </record>
  <record id="studio_customization.new_numero_decimal_x_0d14d9e5-ec77-47fa-b718-805574e7dbe1" model="ir.model.fields" context="{'studio': True}">
    <field name="complete_name" eval="False"/>
    <field name="compute" eval="False"/>
    <field name="copied" eval="False"/>
    <field name="depends" eval="False"/>
    <field name="domain">[]</field>
    <field name="field_description">Interes</field>
    <field name="groups" eval="[(6, 0, [])]"/>
    <field name="help" eval="False"/>
    <field name="index" eval="False"/>
    <field name="model">x_creditos</field>
    <field name="model_id" ref="studio_customization.creditos_55e90f75-5151-4ead-94ff-2c150b8283d7"/>
    <field name="name">x_studio_interes</field>
    <field name="on_delete">set null</field>
    <field name="readonly" eval="False"/>
    <field name="related" eval="False"/>
    <field name="relation" eval="False"/>
    <field name="relation_field" eval="False"/>
    <field name="required" eval="False"/>
    <field name="selectable" eval="True"/>
    <field name="selection" eval="False"/>
    <field name="size" eval="False"/>
    <field name="state">manual</field>
    <field name="store" eval="True"/>
    <field name="track_visibility" eval="False"/>
    <field name="translate" eval="False"/>
    <field name="ttype">float</field>
  </record>
  <record id="studio_customization.name_x_ajustes_de_cr_9a9b6cce-5cf1-45cf-96d4-506720b1c7ac" model="ir.model.fields" context="{'studio': True}">
    <field name="complete_name" eval="False"/>
    <field name="compute" eval="False"/>
    <field name="copied" eval="False"/>
    <field name="depends" eval="False"/>
    <field name="domain">[]</field>
    <field name="field_description">Nombre</field>
    <field name="groups" eval="[(6, 0, [])]"/>
    <field name="help" eval="False"/>
    <field name="index" eval="False"/>
    <field name="model">x_ajustes_de_credito</field>
    <field name="model_id" ref="studio_customization.ajustes_de_credito_4be0f01c-776f-4693-b126-5f6ae25dcd8b"/>
    <field name="name">x_name</field>
    <field name="on_delete">set null</field>
    <field name="readonly" eval="False"/>
    <field name="related" eval="False"/>
    <field name="relation" eval="False"/>
    <field name="relation_field" eval="False"/>
    <field name="required" eval="False"/>
    <field name="selectable" eval="True"/>
    <field name="selection" eval="False"/>
    <field name="size" eval="False"/>
    <field name="state">manual</field>
    <field name="store" eval="True"/>
    <field name="track_visibility" eval="False"/>
    <field name="translate" eval="False"/>
    <field name="ttype">char</field>
  </record>
  <record id="studio_customization.new_numero_entero_x__5db60dee-d1e8-4002-9138-a444f788d0a8" model="ir.model.fields" context="{'studio': True}">
    <field name="complete_name" eval="False"/>
    <field name="compute" eval="False"/>
    <field name="copied" eval="False"/>
    <field name="depends" eval="False"/>
    <field name="domain">[]</field>
    <field name="field_description">Tasa de Interes</field>
    <field name="groups" eval="[(6, 0, [])]"/>
    <field name="help" eval="False"/>
    <field name="index" eval="False"/>
    <field name="model">x_ajustes_de_credito</field>
    <field name="model_id" ref="studio_customization.ajustes_de_credito_4be0f01c-776f-4693-b126-5f6ae25dcd8b"/>
    <field name="name">x_studio_tasa_de_interes</field>
    <field name="on_delete">set null</field>
    <field name="readonly" eval="False"/>
    <field name="related" eval="False"/>
    <field name="relation" eval="False"/>
    <field name="relation_field" eval="False"/>
    <field name="required" eval="False"/>
    <field name="selectable" eval="True"/>
    <field name="selection" eval="False"/>
    <field name="size" eval="False"/>
    <field name="state">manual</field>
    <field name="store" eval="True"/>
    <field name="track_visibility" eval="False"/>
    <field name="translate" eval="False"/>
    <field name="ttype">integer</field>
  </record>
  <record id="studio_customization.new_casilla_de_verif_447a596b-b0ac-4038-bcf9-c0936333ca27" model="ir.model.fields" context="{'studio': True}">
    <field name="complete_name" eval="False"/>
    <field name="compute" eval="False"/>
    <field name="copied" eval="False"/>
    <field name="depends" eval="False"/>
    <field name="domain">[]</field>
    <field name="field_description">Activado</field>
    <field name="groups" eval="[(6, 0, [])]"/>
    <field name="help" eval="False"/>
    <field name="index" eval="False"/>
    <field name="model">x_ajustes_de_credito</field>
    <field name="model_id" ref="studio_customization.ajustes_de_credito_4be0f01c-776f-4693-b126-5f6ae25dcd8b"/>
    <field name="name">x_studio_activado</field>
    <field name="on_delete">set null</field>
    <field name="readonly" eval="False"/>
    <field name="related" eval="False"/>
    <field name="relation" eval="False"/>
    <field name="relation_field" eval="False"/>
    <field name="required" eval="False"/>
    <field name="selectable" eval="True"/>
    <field name="selection" eval="False"/>
    <field name="size" eval="False"/>
    <field name="state">manual</field>
    <field name="store" eval="True"/>
    <field name="track_visibility" eval="False"/>
    <field name="translate" eval="False"/>
    <field name="ttype">boolean</field>
  </record>
  <record id="studio_customization.new_numero_decimal_x_0ac97ad1-8bd2-4f54-aba2-03a476d6fbf7" model="ir.model.fields" context="{'studio': True}">
    <field name="complete_name" eval="False"/>
    <field name="compute" eval="False"/>
    <field name="copied" eval="False"/>
    <field name="depends" eval="False"/>
    <field name="domain">[]</field>
    <field name="field_description">Factor</field>
    <field name="groups" eval="[(6, 0, [])]"/>
    <field name="help" eval="False"/>
    <field name="index" eval="False"/>
    <field name="model">x_ajustes_de_credito</field>
    <field name="model_id" ref="studio_customization.ajustes_de_credito_4be0f01c-776f-4693-b126-5f6ae25dcd8b"/>
    <field name="name">x_studio_factor</field>
    <field name="on_delete">set null</field>
    <field name="readonly" eval="False"/>
    <field name="related" eval="False"/>
    <field name="relation" eval="False"/>
    <field name="relation_field" eval="False"/>
    <field name="required" eval="False"/>
    <field name="selectable" eval="True"/>
    <field name="selection" eval="False"/>
    <field name="size" eval="False"/>
    <field name="state">manual</field>
    <field name="store" eval="True"/>
    <field name="track_visibility" eval="False"/>
    <field name="translate" eval="False"/>
    <field name="ttype">float</field>
  </record>
</odoo>
